{"cameraMode":{"drawMode":0,"name":"Shaded","section":"Shading Mode"},"sceneLighting":false,"audioPlay":false,"sceneViewState":{"showFog":true,"showMaterialUpdate":false,"showSkybox":false,"showFlares":true,"showImageEffects":true,"showParticleSystems":true},"in2DMode":false,"pivot":{"x":1.9274976253509522,"y":1.8453190326690674,"z":1.2112209796905518},"rotation":{"x":0.18301503360271455,"y":-0.6643725037574768,"z":0.17276626825332642,"w":0.7037792801856995},"size":1.7804440259933472,"orthographic":false}